 <updates>
  <update>
            <name><![CDATA[Manifest2MD-v2]]></name>
            <description>Manifest2MD-v2 Update</description>
            <element>com_manifest2md</element>
            <type>component</type>
            <version>2.0</version>
            <infourl title="Manifest2MD-v2 for Joomla! 3.7">https://jbreeding.github.io/Manifest2MD-v2</infourl>
            <downloads>
                <downloadurl type="full" format="zip">https://jbreeding.github.io/Manifest2MD-v2/updates/Manifest2MD-v2.zip</downloadurl>
            </downloads>
            <tags>
                <tag>stable</tag>
            </tags>
            <maintainer>Marc Letouzé</maintainer>
            <maintainerurl>https://github.com/jbreeding</maintainerurl>
            <section>Updates</section>
            <targetplatform name="joomla" version="3.[0123456789]"/>
            <ars-phpcompat version="5.4"/>
            <ars-phpcompat version="5.5"/>
            <ars-phpcompat version="5.6"/>
            <ars-phpcompat version="7.0"/>
            <ars-phpcompat version="7.1"/>
       </update>
</updates>
