 <updates>
  <update>
            <name><![CDATA[JBreeding Manager]]></name>
            <description>JBreeding Manager Update</description>
            <element>com_jbreeding</element>
            <type>component</type>
            <version>3.6.9</version>
            <infourl title="JBreeding Manager for Joomla! 3.6">http://www.jbreeding.fr/</infourl>
            <downloads>
                <downloadurl type="full" format="zip">http://dev.liubov.net/jbreeding/updates/dogs/com_jbreeding_dogs_V3.6.9.zip</downloadurl>
            </downloads>
            <tags>
                <tag>stable</tag>
            </tags>
            <maintainer>Marc Letouzé</maintainer>
            <maintainerurl>http://www.jbreeding.fr/</maintainerurl>
            <section>Updates</section>
            <targetplatform name="joomla" version="3.[0123456789]"/>
            <ars-phpcompat version="5.4"/>
            <ars-phpcompat version="5.5"/>
            <ars-phpcompat version="5.6"/>
            <ars-phpcompat version="7.0"/>
            <ars-phpcompat version="7.1"/>
       </update>
 <update>
            <name><![CDATA[JBreeding Manager]]></name>
            <description>JBreeding Manager Update</description>
            <element>com_jbreeding</element>
            <type>component</type>
            <version>3.6.8</version>
            <infourl title="JBreeding Manager for Joomla! 3.6">http://www.jbreeding.fr/</infourl>
            <downloads>
                <downloadurl type="full" format="zip">http://dev.liubov.net/jbreeding/updates/dogs/com_jbreeding_dogs_V3.6.8.zip</downloadurl>
            </downloads>
            <tags>
                <tag>stable</tag>
            </tags>
            <maintainer>Marc Letouzé</maintainer>
            <maintainerurl>http://www.jbreeding.fr/</maintainerurl>
            <section>Updates</section>
            <targetplatform name="joomla" version="3.[0123456789]"/>
            <ars-phpcompat version="5.4"/>
            <ars-phpcompat version="5.5"/>
            <ars-phpcompat version="5.6"/>
            <ars-phpcompat version="7.0"/>
            <ars-phpcompat version="7.1"/>
       </update>
        <update>
            <name><![CDATA[JBreeding Manager]]></name>
            <description>JBreeding Manager Update</description>
            <element>com_jbreeding</element>
            <type>component</type>
            <version>3.6.7</version>
            <infourl title="JBreeding Manager for Joomla! 3.6">http://www.jbreeding.fr/</infourl>
            <downloads>
                <downloadurl type="full" format="zip">http://dev.liubov.net/jbreeding/updates/dogs/com_jbreeding_dogs_V3.6.7.zip</downloadurl>
            </downloads>
            <tags>
                <tag>stable</tag>
            </tags>
            <maintainer>Marc Letouzé</maintainer>
            <maintainerurl>http://www.jbreeding.fr/</maintainerurl>
            <section>Updates</section>
            <targetplatform name="joomla" version="3.[0123456789]"/>
            <ars-phpcompat version="5.4"/>
            <ars-phpcompat version="5.5"/>
            <ars-phpcompat version="5.6"/>
            <ars-phpcompat version="7.0"/>
            <ars-phpcompat version="7.1"/>
       </update>
       <update>
        <name><![CDATA[JBreeding Manager]]></name>
        <description>JBreeding Manager Update</description>
        <element>com_jbreeding</element>
        <type>component</type>
        <version>3.6.6</version>
        <infourl title="JBreeding Manager for Joomla! 3.6">http://www.jbreeding.fr/</infourl>
        <downloads>
            <downloadurl type="full" format="zip">http://dev.liubov.net/jbreeding/updates/dogs/com_jbreeding_dogs_V3.6.6.zip</downloadurl>
        </downloads>
        <tags>
            <tag>stable</tag>
        </tags>
        <maintainer>Marc Letouzé</maintainer>
        <maintainerurl>http://www.jbreeding.fr/</maintainerurl>
        <section>Updates</section>
        <targetplatform name="joomla" version="3.[0123456789]"/>
        <ars-phpcompat version="5.4"/>
        <ars-phpcompat version="5.5"/>
        <ars-phpcompat version="5.6"/>
        <ars-phpcompat version="7.0"/>
        <ars-phpcompat version="7.1"/>
      </update>
      <update>
        <name><![CDATA[JBreeding Manager]]></name>
        <description>JBreeding Manager Update</description>
        <element>com_jbreeding</element>
        <type>component</type>
        <version>3.6.5</version>
        <infourl title="JBreeding Manager for Joomla! 3.6">http://www.jbreeding.fr/</infourl>
        <downloads>
            <downloadurl type="full" format="zip">http://dev.liubov.net/jbreeding/updates/dogs/com_jbreeding_dogs_V3.6.5.zip</downloadurl>
        </downloads>
        <tags>
            <tag>stable</tag>
        </tags>
        <maintainer>Marc Letouzé</maintainer>
        <maintainerurl>http://www.jbreeding.fr/</maintainerurl>
        <section>Updates</section>
        <targetplatform name="joomla" version="3.[0123456789]"/>
        <ars-phpcompat version="5.4"/>
        <ars-phpcompat version="5.5"/>
        <ars-phpcompat version="5.6"/>
        <ars-phpcompat version="7.0"/>
        <ars-phpcompat version="7.1"/>
      </update>
      <update>
        <name><![CDATA[JBreeding Manager]]></name>
        <description>JBreeding Manager Update</description>
        <element>com_jbreeding</element>
        <type>component</type>
        <version>3.6.3</version>
        <infourl title="JBreeding Manager for Joomla! 3.6">http://www.jbreeding.fr/</infourl>
        <downloads>
            <downloadurl type="full" format="zip">http://dev.liubov.net/jbreeding/updates/dogs/com_jbreeding_dogs_V3.6.3.zip</downloadurl>
        </downloads>
        <tags>
            <tag>stable</tag>
        </tags>
        <maintainer>Marc Letouzé</maintainer>
        <maintainerurl>http://www.jbreeding.fr/</maintainerurl>
        <section>Updates</section>
        <targetplatform name="joomla" version="3.[0123456789]"/>
            <ars-phpcompat version="5.4"/>
            <ars-phpcompat version="5.5"/>
            <ars-phpcompat version="5.6"/>
            <ars-phpcompat version="7.0"/>
            <ars-phpcompat version="7.1"/>
      </update>
      <update>
        <name><![CDATA[JBreeding Manager]]></name>
        <description>JBreeding Manager Update</description>
        <element>com_jbreeding</element>
        <type>component</type>
        <version>3.6.1</version>
        <infourl title="JBreeding Manager for Joomla! 3.6">http://www.jbreeding.fr/</infourl>
        <downloads>
            <downloadurl type="full" format="zip">http://dev.liubov.net/jbreeding/updates/dogs/com_jbreeding_dogs_V3.6.1.zip</downloadurl>
        </downloads>
        <tags>
            <tag>stable</tag>
        </tags>
        <maintainer>Marc Letouzé</maintainer>
        <maintainerurl>http://www.jbreeding.fr/</maintainerurl>
        <section>Updates</section>  
        <targetplatform name="joomla" version="3.[0123456789]"/>
            <ars-phpcompat version="5.4"/>
            <ars-phpcompat version="5.5"/>
            <ars-phpcompat version="5.6"/>
            <ars-phpcompat version="7.0"/>
            <ars-phpcompat version="7.1"/>
      </update>
      <update>
    <name><![CDATA[JBreeding Manager]]></name>
    <description>JBreeding Manager Update</description>
    <element>com_jbreeding</element>
    <type>component</type>
    <version>3.5.15</version>
    <infourl title="JBreeding Manager for Joomla! 3.6">http://www.jbreeding.fr/</infourl>
    <downloads>
        <downloadurl type="full" format="zip">http://dev.liubov.net/jbreeding/updates/dogs/com_jbreeding_dogs_V3.5.15.zip</downloadurl>
    </downloads>
    <tags>
        <tag>stable</tag>
    </tags>
    <maintainer>Marc Letouzé</maintainer>
    <maintainerurl>http://www.jbreeding.fr/</maintainerurl>
    <section>Updates</section>  
    <targetplatform name="joomla" version="3.[0123456789]"/>
        <ars-phpcompat version="5.4"/>
        <ars-phpcompat version="5.5"/>
        <ars-phpcompat version="5.6"/>
        <ars-phpcompat version="7.0"/>
        <ars-phpcompat version="7.1"/>
  </update>
</updates>